DhruvOrganizer, 123, Organizer
Gen, 123123, Speaker
B, 12341, Attendee
attendee2, password, Attendee
Organizer1, 11, Organizer
attendee1, password, Attendee
gee, gee, Attendee
organizer1, password, Organizer
organizer, organizer, Organizer
attendee, password, Attendee
organizer5, password, Organizer
attendee2, password, Attendee
Organizer, organizer, Organizer
organizer, organizer, Organizer
speaker, speaker, Speaker
attendee1, password, Attendee
speaker1, password, Speaker
organizer1, password, Organizer
kaushik, murali, Organizer
speaker3, hell, Speaker
speaker4, hell, Speaker
daniel, chan, Attendee
attendee, hello, Attendee
you, hey, Attendee
lol, bro, Attendee
attendee22, password, Attendee
Dhruvajn, 123123, Attendee
organizer, organizer, Organizer
attendee1, password, Attendee
organizer1, password, Organizer
ORGANIZER, PASSWORD, Organizer
orgkjdsn, sdfn, Attendee
orgkjdsnlkamd, sdfnldajkn, Attendee
orgkjdsnlkamdwef, sdfnldajknewr, Attendee
4qsd, asd, Attendee
New 131, 13131, Attendee
New 13123, 13131123, Attendee
qwe, qewqwe, Attendee
sdfdfs, sdfsdf, Attendee
ksjnfd, sdfnm , AttendeeVIP
kdjsnf, sdjfnsd, AttendeeVIP
wkjnr, wekrnj, Speaker
we;knr, ewqr, Attendee
doifng, sdfmn, Speaker
sldfjn, sdfln, Organizer
dsjf, sdf, AttendeeVIP
kwf, weqr, VIP Attendee
sdkjf, sdfsd, VIP Attendee
dfl;kwgwfeg, fdgsgf, Attendee
attendee2, 123213, Attendee
a1, password, Speaker
